{"cameraMode":{"drawMode":0,"name":"Shaded","section":"Shading Mode"},"sceneLighting":true,"audioPlay":false,"sceneViewState":{"showFog":true,"showMaterialUpdate":false,"showSkybox":false,"showFlares":true,"showImageEffects":true,"showParticleSystems":true},"in2DMode":false,"pivot":{"x":0.12852096557617188,"y":-5.185903549194336,"z":-0.18477296829223634},"rotation":{"x":0.1375570446252823,"y":-0.00980488583445549,"z":0.0013686944730579854,"w":0.9904547333717346},"size":12.12435531616211,"orthographic":false}