{"cameraMode":{"drawMode":0,"name":"Shaded","section":"Shading Mode"},"sceneLighting":true,"audioPlay":false,"sceneViewState":{"showFog":true,"showMaterialUpdate":false,"showSkybox":true,"showFlares":true,"showImageEffects":true,"showParticleSystems":true},"in2DMode":false,"pivot":{"x":-0.11279296875,"y":2.1683497428894045,"z":-0.3855013847351074},"rotation":{"x":-0.21147555112838746,"y":-0.32790693640708926,"z":0.0755753368139267,"w":-0.9176559448242188},"size":1.563500165939331,"orthographic":false}