{"cameraMode":{"drawMode":0,"name":"Shaded","section":"Shading Mode"},"sceneLighting":true,"audioPlay":false,"sceneViewState":{"showFog":true,"showMaterialUpdate":false,"showSkybox":true,"showFlares":true,"showImageEffects":true,"showParticleSystems":true},"in2DMode":false,"pivot":{"x":0.17435264587402345,"y":1.7679883241653443,"z":0.4975467324256897},"rotation":{"x":0.1375570446252823,"y":-0.00980488583445549,"z":0.0013686944730579854,"w":0.9904547333717346},"size":1.8521037101745606,"orthographic":false}