{"cameraMode":{"drawMode":0,"name":"Shaded","section":"Shading Mode"},"sceneLighting":true,"audioPlay":false,"sceneViewState":{"showFog":true,"showMaterialUpdate":false,"showSkybox":true,"showFlares":true,"showImageEffects":true,"showParticleSystems":true},"in2DMode":false,"pivot":{"x":0.20589995384216309,"y":1.569000005722046,"z":0.9639999270439148},"rotation":{"x":-0.09260506182909012,"y":0.41409653425216677,"z":-0.04234493896365166,"w":-0.9045601487159729},"size":6.832256317138672,"orthographic":false}